{"cameraMode":{"drawMode":0,"name":"Shaded","section":"Shading Mode"},"sceneLighting":false,"audioPlay":false,"sceneViewState":{"m_AlwaysRefresh":false,"showFog":true,"showSkybox":false,"showFlares":true,"showImageEffects":true,"showParticleSystems":true,"showVisualEffectGraphs":true,"m_FxEnabled":true},"in2DMode":false,"pivot":{"x":-1.4381344318389893,"y":0.31239214539527895,"z":-0.6359772682189941},"rotation":{"x":-0.03332093358039856,"y":0.800728440284729,"z":-0.04473482072353363,"w":-0.5964258909225464},"size":1.2798584699630738,"orthographic":false}